reflist_run_id,Epc_x,Epc_y
0_10,"epc_100, epc_101, epc_102, epc_104, epc_105, epc_81, epc_90, epc_91, epc_92, epc_93, epc_94, epc_95, epc_96, epc_97, epc_98, epc_99",15
0_11,"epc_100, epc_101, epc_102, epc_104, epc_105, epc_90, epc_91, epc_92, epc_93, epc_94, epc_96, epc_97, epc_98, epc_99",14
0_12,"epc_100, epc_101, epc_102, epc_103, epc_104, epc_105, epc_90, epc_91, epc_92, epc_93, epc_94, epc_95, epc_96, epc_97, epc_98, epc_99",16
0_13,"epc_100, epc_101, epc_102, epc_104, epc_105, epc_90, epc_91, epc_92, epc_93, epc_94, epc_95, epc_97, epc_98, epc_99",14
0_14,"epc_100, epc_101, epc_102, epc_104, epc_105, epc_90, epc_91, epc_92, epc_93, epc_94, epc_95, epc_96, epc_97, epc_98, epc_99",15
0_15,"epc_100, epc_101, epc_102, epc_103, epc_104, epc_105, epc_90, epc_91, epc_92, epc_93, epc_94, epc_95, epc_96, epc_97, epc_98, epc_99",16
0_17,"epc_100, epc_101, epc_102, epc_103, epc_104, epc_105, epc_90, epc_91, epc_93, epc_94, epc_95, epc_96, epc_97, epc_98, epc_99",15
0_19,"epc_100, epc_101, epc_102, epc_103, epc_104, epc_105, epc_90, epc_91, epc_92, epc_93, epc_94, epc_95, epc_96, epc_97, epc_98, epc_99",16
0_2,"epc_100, epc_101, epc_102, epc_103, epc_104, epc_105, epc_90, epc_91, epc_92, epc_93, epc_94, epc_95, epc_96, epc_97, epc_98, epc_99",16
0_20,"epc_100, epc_101, epc_102, epc_103, epc_104, epc_105, epc_81, epc_90, epc_91, epc_92, epc_93, epc_94, epc_95, epc_97, epc_98, epc_99",15
0_21,"epc_100, epc_101, epc_102, epc_103, epc_104, epc_105, epc_90, epc_91, epc_92, epc_93, epc_94, epc_96, epc_97, epc_98, epc_99",15
0_22,"epc_100, epc_101, epc_102, epc_104, epc_105, epc_90, epc_91, epc_92, epc_93, epc_94, epc_95, epc_96, epc_97, epc_98, epc_99",15
0_24,"epc_100, epc_101, epc_102, epc_103, epc_104, epc_105, epc_90, epc_91, epc_92, epc_93, epc_94, epc_95, epc_96, epc_97, epc_98, epc_99",16
0_25,"epc_100, epc_101, epc_102, epc_103, epc_104, epc_105, epc_134, epc_90, epc_91, epc_92, epc_93, epc_94, epc_95, epc_96, epc_97, epc_98, epc_99",16
0_26,"epc_100, epc_101, epc_102, epc_104, epc_105, epc_134, epc_90, epc_91, epc_93, epc_94, epc_95, epc_96, epc_97, epc_98, epc_99",14
0_27,"epc_100, epc_101, epc_102, epc_104, epc_105, epc_90, epc_91, epc_92, epc_93, epc_94, epc_95, epc_96, epc_97, epc_98, epc_99",15
0_28,"epc_100, epc_101, epc_102, epc_104, epc_105, epc_90, epc_91, epc_92, epc_93, epc_94, epc_95, epc_96, epc_97, epc_99",14
0_29,"epc_100, epc_101, epc_102, epc_103, epc_104, epc_105, epc_91, epc_92, epc_93, epc_94, epc_95, epc_97, epc_98, epc_99",14
0_3,"epc_100, epc_101, epc_102, epc_104, epc_105, epc_90, epc_91, epc_92, epc_93, epc_94, epc_95, epc_96, epc_97, epc_98, epc_99",15
0_30,"epc_100, epc_101, epc_102, epc_103, epc_104, epc_105, epc_90, epc_91, epc_92, epc_93, epc_94, epc_96, epc_97, epc_98, epc_99",15
0_31,"epc_100, epc_101, epc_102, epc_103, epc_104, epc_105, epc_90, epc_91, epc_92, epc_93, epc_94, epc_96, epc_97, epc_98, epc_99",15
0_33,"epc_100, epc_101, epc_102, epc_103, epc_104, epc_105, epc_90, epc_91, epc_92, epc_93, epc_94, epc_95, epc_97, epc_98, epc_99",15
0_34,"epc_100, epc_101, epc_102, epc_104, epc_105, epc_90, epc_91, epc_92, epc_93, epc_94, epc_95, epc_97, epc_98, epc_99",14
0_35,"epc_100, epc_101, epc_102, epc_103, epc_104, epc_105, epc_90, epc_91, epc_92, epc_93, epc_94, epc_95, epc_96, epc_97, epc_98, epc_99",16
0_36,"epc_100, epc_101, epc_102, epc_103, epc_104, epc_105, epc_90, epc_91, epc_92, epc_93, epc_94, epc_95, epc_96, epc_97, epc_98, epc_99",16
0_37,"epc_100, epc_101, epc_102, epc_104, epc_105, epc_90, epc_91, epc_92, epc_93, epc_94, epc_95, epc_96, epc_97, epc_98, epc_99",15
0_38,"epc_100, epc_101, epc_102, epc_104, epc_105, epc_90, epc_91, epc_92, epc_93, epc_94, epc_95, epc_96, epc_97, epc_98, epc_99",15
0_39,"epc_100, epc_101, epc_102, epc_104, epc_105, epc_90, epc_91, epc_92, epc_93, epc_94, epc_95, epc_97, epc_98, epc_99",14
0_4,"epc_100, epc_101, epc_102, epc_103, epc_104, epc_105, epc_90, epc_91, epc_92, epc_93, epc_94, epc_95, epc_96, epc_97, epc_98, epc_99",16
0_5,"epc_100, epc_101, epc_102, epc_104, epc_105, epc_90, epc_91, epc_92, epc_93, epc_94, epc_95, epc_96, epc_97, epc_98, epc_99",15
0_6,"epc_100, epc_101, epc_102, epc_103, epc_104, epc_105, epc_90, epc_91, epc_92, epc_93, epc_94, epc_95, epc_96, epc_97, epc_98, epc_99",16
0_7,"epc_100, epc_101, epc_102, epc_104, epc_105, epc_134, epc_90, epc_91, epc_92, epc_93, epc_94, epc_95, epc_97, epc_98, epc_99",14
0_8,"epc_100, epc_101, epc_102, epc_104, epc_105, epc_90, epc_91, epc_92, epc_93, epc_94, epc_96, epc_97, epc_98, epc_99",14
0_9,"epc_100, epc_101, epc_102, epc_103, epc_104, epc_105, epc_90, epc_91, epc_92, epc_93, epc_94, epc_96, epc_97, epc_98, epc_99",15
1_10,"epc_138, epc_139, epc_140, epc_141, epc_142, epc_143, epc_144, epc_145, epc_146, epc_147",10
1_11,"epc_138, epc_139, epc_140, epc_141, epc_142, epc_143, epc_144, epc_145, epc_146, epc_147",10
1_12,"epc_138, epc_139, epc_141, epc_142, epc_143, epc_144, epc_145, epc_146, epc_147",9
1_13,"epc_105, epc_138, epc_139, epc_140, epc_141, epc_142, epc_143, epc_144, epc_145, epc_146, epc_147",10
1_14,"epc_138, epc_139, epc_140, epc_141, epc_142, epc_143, epc_144, epc_145, epc_146, epc_147, epc_99",10
1_15,"epc_138, epc_139, epc_140, epc_141, epc_142, epc_143, epc_144, epc_145, epc_146, epc_147",10
1_17,"epc_138, epc_139, epc_140, epc_141, epc_142, epc_143, epc_144, epc_145, epc_146, epc_147",10
1_19,"epc_138, epc_139, epc_140, epc_141, epc_142, epc_143, epc_144, epc_145, epc_146, epc_147",10
1_2,"epc_138, epc_139, epc_140, epc_141, epc_142, epc_143, epc_144, epc_145, epc_146, epc_147",10
1_20,"epc_138, epc_139, epc_140, epc_141, epc_142, epc_143, epc_144, epc_145, epc_146, epc_147",10
1_21,"epc_138, epc_139, epc_140, epc_141, epc_142, epc_143, epc_144, epc_145, epc_146, epc_147",10
1_22,"epc_105, epc_138, epc_139, epc_140, epc_141, epc_142, epc_143, epc_144, epc_145, epc_146, epc_147",10
1_24,"epc_138, epc_139, epc_140, epc_141, epc_142, epc_143, epc_144, epc_145, epc_146, epc_147, epc_176",10
1_25,"epc_138, epc_139, epc_140, epc_141, epc_142, epc_143, epc_144, epc_145, epc_146, epc_147",10
1_26,"epc_138, epc_139, epc_140, epc_141, epc_142, epc_143, epc_144, epc_145, epc_146, epc_147",10
1_27,"epc_138, epc_139, epc_140, epc_141, epc_142, epc_143, epc_144, epc_145, epc_146, epc_147",10
1_28,"epc_138, epc_139, epc_140, epc_141, epc_142, epc_143, epc_144, epc_145, epc_146, epc_147",10
1_29,"epc_138, epc_139, epc_140, epc_141, epc_142, epc_143, epc_144, epc_145, epc_146, epc_147",10
1_3,"epc_138, epc_139, epc_140, epc_141, epc_142, epc_143, epc_144, epc_145, epc_146, epc_147",10
1_30,"epc_105, epc_138, epc_139, epc_141, epc_142, epc_143, epc_144, epc_145, epc_146, epc_147",9
1_31,"epc_138, epc_139, epc_140, epc_141, epc_142, epc_143, epc_144, epc_145, epc_146, epc_147, epc_159",10
1_33,"epc_138, epc_139, epc_141, epc_142, epc_143, epc_144, epc_145, epc_146, epc_147",9
1_34,"epc_138, epc_139, epc_140, epc_141, epc_142, epc_143, epc_144, epc_145, epc_146, epc_147",10
1_35,"epc_100, epc_138, epc_139, epc_140, epc_141, epc_142, epc_143, epc_144, epc_145, epc_146, epc_147, epc_97",10
1_36,"epc_138, epc_139, epc_141, epc_142, epc_143, epc_144, epc_145, epc_146, epc_147",9
1_37,"epc_138, epc_139, epc_140, epc_141, epc_142, epc_143, epc_144, epc_145, epc_146, epc_147",10
1_38,"epc_138, epc_139, epc_140, epc_141, epc_142, epc_143, epc_144, epc_145, epc_146, epc_147",10
1_39,"epc_102, epc_138, epc_139, epc_140, epc_141, epc_142, epc_143, epc_144, epc_145, epc_146, epc_147, epc_97",10
1_4,"epc_138, epc_139, epc_141, epc_142, epc_143, epc_144, epc_145, epc_146, epc_147",9
1_5,"epc_138, epc_139, epc_140, epc_141, epc_142, epc_143, epc_144, epc_145, epc_146, epc_147",10
1_6,"epc_138, epc_139, epc_140, epc_141, epc_142, epc_143, epc_144, epc_145, epc_146, epc_147",10
1_7,"epc_138, epc_139, epc_141, epc_142, epc_143, epc_144, epc_145, epc_146, epc_147",9
1_8,"epc_138, epc_139, epc_140, epc_141, epc_142, epc_143, epc_144, epc_145, epc_146, epc_147",10
1_9,"epc_138, epc_139, epc_141, epc_142, epc_143, epc_144, epc_145, epc_146, epc_147",9
2_10,"epc_149, epc_151, epc_152, epc_153, epc_154, epc_155, epc_156, epc_157, epc_159, epc_160, epc_161, epc_162, epc_163, epc_164, epc_165, epc_166, epc_167, epc_168, epc_169, epc_170, epc_171, epc_172, epc_173, epc_174, epc_175, epc_176, epc_177, epc_178, epc_179, epc_180, epc_181",31
2_11,"epc_148, epc_149, epc_150, epc_151, epc_152, epc_153, epc_154, epc_155, epc_156, epc_157, epc_158, epc_159, epc_160, epc_161, epc_162, epc_163, epc_164, epc_165, epc_166, epc_167, epc_168, epc_169, epc_170, epc_171, epc_172, epc_173, epc_174, epc_175, epc_176, epc_177, epc_178, epc_179, epc_180, epc_181",34
2_12,"epc_148, epc_149, epc_150, epc_151, epc_152, epc_153, epc_154, epc_155, epc_156, epc_157, epc_158, epc_159, epc_160, epc_161, epc_162, epc_163, epc_164, epc_165, epc_166, epc_167, epc_168, epc_169, epc_170, epc_171, epc_172, epc_173, epc_174, epc_175, epc_176, epc_177, epc_178, epc_180, epc_181, epc_5",33
2_13,"epc_148, epc_149, epc_150, epc_151, epc_152, epc_153, epc_155, epc_156, epc_157, epc_158, epc_159, epc_160, epc_161, epc_162, epc_163, epc_164, epc_165, epc_166, epc_167, epc_168, epc_169, epc_170, epc_171, epc_172, epc_173, epc_174, epc_175, epc_176, epc_177, epc_178, epc_180",31
2_14,"epc_148, epc_149, epc_151, epc_152, epc_153, epc_154, epc_155, epc_156, epc_157, epc_158, epc_160, epc_161, epc_162, epc_163, epc_164, epc_165, epc_166, epc_167, epc_168, epc_169, epc_170, epc_171, epc_172, epc_173, epc_174, epc_175, epc_176, epc_177, epc_178, epc_179, epc_180, epc_181",32
2_15,"epc_149, epc_150, epc_151, epc_152, epc_153, epc_154, epc_155, epc_156, epc_157, epc_158, epc_159, epc_160, epc_161, epc_162, epc_163, epc_164, epc_165, epc_166, epc_167, epc_168, epc_169, epc_170, epc_171, epc_172, epc_173, epc_174, epc_175, epc_176, epc_177, epc_178, epc_179, epc_180, epc_181",33
2_17,"epc_148, epc_149, epc_150, epc_151, epc_152, epc_153, epc_155, epc_156, epc_157, epc_158, epc_159, epc_160, epc_161, epc_162, epc_163, epc_164, epc_165, epc_166, epc_167, epc_168, epc_169, epc_170, epc_171, epc_172, epc_173, epc_174, epc_175, epc_176, epc_177, epc_178, epc_179, epc_180",32
2_19,"epc_149, epc_150, epc_151, epc_152, epc_153, epc_154, epc_155, epc_156, epc_157, epc_158, epc_159, epc_160, epc_161, epc_162, epc_163, epc_164, epc_165, epc_166, epc_167, epc_168, epc_169, epc_170, epc_171, epc_172, epc_173, epc_174, epc_175, epc_176, epc_177, epc_178, epc_179, epc_180",32
2_2,"epc_148, epc_149, epc_151, epc_152, epc_153, epc_155, epc_156, epc_157, epc_158, epc_159, epc_160, epc_162, epc_163, epc_164, epc_165, epc_166, epc_167, epc_168, epc_169, epc_170, epc_171, epc_172, epc_173, epc_174, epc_175, epc_176, epc_177, epc_178, epc_179, epc_181",30
2_20,"epc_148, epc_149, epc_150, epc_151, epc_152, epc_153, epc_155, epc_156, epc_158, epc_159, epc_160, epc_161, epc_162, epc_163, epc_164, epc_166, epc_167, epc_168, epc_169, epc_170, epc_171, epc_172, epc_173, epc_174, epc_175, epc_176, epc_177, epc_178, epc_180",29
2_21,"epc_148, epc_149, epc_150, epc_151, epc_152, epc_153, epc_155, epc_156, epc_157, epc_158, epc_159, epc_160, epc_161, epc_162, epc_163, epc_164, epc_165, epc_166, epc_167, epc_168, epc_169, epc_170, epc_171, epc_172, epc_173, epc_174, epc_175, epc_176, epc_177, epc_178, epc_179, epc_180, epc_181",33
2_22,"epc_148, epc_149, epc_150, epc_151, epc_152, epc_153, epc_154, epc_155, epc_156, epc_157, epc_158, epc_159, epc_160, epc_161, epc_162, epc_163, epc_164, epc_165, epc_166, epc_167, epc_168, epc_169, epc_170, epc_171, epc_172, epc_173, epc_174, epc_175, epc_176, epc_177, epc_178, epc_179, epc_180, epc_181",34
2_24,"epc_148, epc_149, epc_150, epc_151, epc_152, epc_153, epc_155, epc_156, epc_158, epc_159, epc_160, epc_161, epc_162, epc_163, epc_164, epc_165, epc_166, epc_168, epc_169, epc_170, epc_171, epc_172, epc_173, epc_174, epc_175, epc_176, epc_177, epc_179, epc_180, epc_181",30
2_25,"epc_148, epc_149, epc_150, epc_151, epc_152, epc_153, epc_155, epc_156, epc_157, epc_158, epc_160, epc_161, epc_162, epc_163, epc_164, epc_165, epc_166, epc_167, epc_168, epc_169, epc_170, epc_171, epc_172, epc_173, epc_174, epc_175, epc_176, epc_177, epc_178, epc_179, epc_180",31
2_26,"epc_148, epc_149, epc_150, epc_152, epc_155, epc_156, epc_157, epc_158, epc_159, epc_160, epc_161, epc_162, epc_163, epc_164, epc_165, epc_166, epc_167, epc_168, epc_169, epc_170, epc_171, epc_172, epc_173, epc_174, epc_175, epc_176, epc_177, epc_178, epc_179, epc_180",30
2_27,"epc_148, epc_149, epc_150, epc_151, epc_152, epc_153, epc_154, epc_155, epc_156, epc_157, epc_158, epc_159, epc_160, epc_161, epc_162, epc_163, epc_164, epc_165, epc_166, epc_167, epc_168, epc_169, epc_170, epc_171, epc_172, epc_173, epc_174, epc_175, epc_176, epc_177, epc_178, epc_179, epc_180, epc_181",34
2_28,"epc_149, epc_150, epc_151, epc_152, epc_153, epc_155, epc_156, epc_157, epc_158, epc_160, epc_161, epc_162, epc_163, epc_164, epc_165, epc_166, epc_167, epc_168, epc_170, epc_171, epc_172, epc_173, epc_174, epc_175, epc_176, epc_177, epc_178, epc_179, epc_180",29
2_29,"epc_149, epc_151, epc_152, epc_153, epc_156, epc_157, epc_160, epc_162, epc_163, epc_164, epc_165, epc_166, epc_168, epc_169, epc_170, epc_171, epc_172, epc_173, epc_174, epc_175, epc_176, epc_177, epc_179, epc_180",24
2_3,"epc_148, epc_149, epc_151, epc_152, epc_153, epc_155, epc_156, epc_157, epc_158, epc_159, epc_160, epc_161, epc_162, epc_163, epc_164, epc_165, epc_166, epc_167, epc_168, epc_169, epc_172, epc_173, epc_174, epc_175, epc_176, epc_177, epc_178, epc_179, epc_180, epc_181",30
2_30,"epc_148, epc_149, epc_151, epc_152, epc_153, epc_154, epc_155, epc_156, epc_157, epc_159, epc_160, epc_161, epc_162, epc_163, epc_164, epc_165, epc_166, epc_167, epc_168, epc_169, epc_170, epc_171, epc_172, epc_173, epc_174, epc_175, epc_176, epc_177, epc_178, epc_179, epc_180",31
2_31,"epc_149, epc_150, epc_153, epc_154, epc_156, epc_157, epc_158, epc_159, epc_160, epc_161, epc_162, epc_163, epc_164, epc_165, epc_166, epc_167, epc_168, epc_169, epc_170, epc_171, epc_172, epc_173, epc_174, epc_175, epc_176, epc_177, epc_178, epc_179, epc_180, epc_181",30
2_33,"epc_152, epc_153, epc_157, epc_158, epc_159, epc_161, epc_162, epc_163, epc_164, epc_165, epc_166, epc_167, epc_168, epc_169, epc_170, epc_171, epc_172, epc_173, epc_174, epc_175, epc_176, epc_177, epc_178, epc_179, epc_180",25
2_34,"epc_149, epc_150, epc_151, epc_152, epc_153, epc_155, epc_156, epc_157, epc_159, epc_160, epc_161, epc_162, epc_163, epc_164, epc_165, epc_166, epc_167, epc_168, epc_169, epc_170, epc_171, epc_172, epc_173, epc_174, epc_175, epc_176, epc_177, epc_178, epc_180, epc_188",29
2_35,"epc_148, epc_149, epc_150, epc_151, epc_152, epc_153, epc_154, epc_155, epc_156, epc_158, epc_159, epc_160, epc_161, epc_162, epc_163, epc_164, epc_165, epc_166, epc_167, epc_168, epc_169, epc_170, epc_171, epc_172, epc_173, epc_174, epc_175, epc_176, epc_177, epc_178, epc_179, epc_180, epc_181",33
2_36,"epc_148, epc_152, epc_153, epc_155, epc_156, epc_157, epc_158, epc_159, epc_160, epc_161, epc_162, epc_163, epc_164, epc_165, epc_166, epc_167, epc_168, epc_169, epc_170, epc_171, epc_172, epc_173, epc_174, epc_175, epc_176, epc_177, epc_178, epc_179, epc_180",29
2_37,"epc_148, epc_149, epc_150, epc_151, epc_152, epc_153, epc_155, epc_156, epc_157, epc_158, epc_159, epc_160, epc_161, epc_162, epc_163, epc_164, epc_165, epc_166, epc_167, epc_168, epc_169, epc_170, epc_171, epc_172, epc_173, epc_174, epc_175, epc_176, epc_177, epc_178, epc_179, epc_180, epc_181",33
2_38,"epc_149, epc_152, epc_153, epc_155, epc_156, epc_158, epc_159, epc_160, epc_161, epc_162, epc_163, epc_164, epc_165, epc_166, epc_167, epc_168, epc_169, epc_170, epc_171, epc_172, epc_173, epc_174, epc_175, epc_176, epc_177, epc_178, epc_179, epc_180, epc_181",29
2_39,"epc_108, epc_149, epc_150, epc_151, epc_152, epc_153, epc_154, epc_155, epc_156, epc_157, epc_159, epc_160, epc_162, epc_163, epc_164, epc_165, epc_166, epc_167, epc_168, epc_169, epc_170, epc_171, epc_172, epc_173, epc_174, epc_175, epc_176, epc_177, epc_179, epc_180, epc_181",30
2_4,"epc_108, epc_148, epc_149, epc_150, epc_151, epc_152, epc_153, epc_154, epc_155, epc_156, epc_157, epc_158, epc_159, epc_160, epc_161, epc_162, epc_163, epc_164, epc_165, epc_166, epc_167, epc_168, epc_169, epc_170, epc_171, epc_172, epc_173, epc_174, epc_175, epc_176, epc_177, epc_178, epc_179, epc_180, epc_188, epc_189",33
2_5,"epc_148, epc_149, epc_150, epc_151, epc_152, epc_153, epc_154, epc_155, epc_156, epc_157, epc_158, epc_159, epc_160, epc_161, epc_162, epc_163, epc_164, epc_165, epc_166, epc_167, epc_168, epc_169, epc_170, epc_171, epc_172, epc_173, epc_174, epc_175, epc_176, epc_177, epc_179, epc_181",32
2_6,"epc_148, epc_149, epc_150, epc_151, epc_152, epc_155, epc_156, epc_157, epc_158, epc_159, epc_160, epc_161, epc_162, epc_163, epc_164, epc_165, epc_166, epc_167, epc_168, epc_169, epc_170, epc_171, epc_172, epc_173, epc_174, epc_175, epc_176, epc_177, epc_178, epc_179, epc_188",30
2_7,"epc_148, epc_149, epc_150, epc_151, epc_152, epc_153, epc_154, epc_155, epc_156, epc_157, epc_158, epc_160, epc_161, epc_162, epc_163, epc_164, epc_165, epc_166, epc_167, epc_168, epc_169, epc_170, epc_171, epc_172, epc_173, epc_174, epc_175, epc_176, epc_177, epc_178, epc_180",31
2_8,"epc_148, epc_149, epc_151, epc_152, epc_153, epc_154, epc_155, epc_156, epc_157, epc_158, epc_159, epc_160, epc_161, epc_162, epc_163, epc_164, epc_165, epc_166, epc_167, epc_168, epc_169, epc_170, epc_171, epc_172, epc_173, epc_174, epc_175, epc_176, epc_177, epc_178, epc_179, epc_180, epc_181",33
2_9,"epc_148, epc_149, epc_150, epc_151, epc_152, epc_153, epc_154, epc_155, epc_156, epc_157, epc_158, epc_162, epc_163, epc_164, epc_165, epc_166, epc_167, epc_168, epc_169, epc_170, epc_171, epc_172, epc_173, epc_174, epc_175, epc_176, epc_177, epc_178, epc_179, epc_180, epc_181, epc_31",31
3_10,"epc_182, epc_183, epc_185, epc_187, epc_188, epc_189, epc_190, epc_191",8
3_11,"epc_183, epc_184, epc_187, epc_188, epc_189, epc_190, epc_191",7
3_12,"epc_182, epc_183, epc_184, epc_185, epc_186, epc_187, epc_188, epc_189, epc_190, epc_191",10
3_13,"epc_182, epc_183, epc_184, epc_186, epc_188, epc_189, epc_190, epc_191",8
3_14,"epc_158, epc_182, epc_183, epc_184, epc_185, epc_186, epc_187, epc_188, epc_189, epc_190, epc_191, epc_86",10
3_15,"epc_182, epc_183, epc_184, epc_185, epc_188, epc_189, epc_190, epc_191",8
3_17,"epc_182, epc_183, epc_184, epc_185, epc_186, epc_187, epc_188, epc_189, epc_190, epc_191",10
3_19,"epc_149, epc_156, epc_158, epc_182, epc_183, epc_184, epc_185, epc_187, epc_188, epc_189, epc_190, epc_191",9
3_2,"epc_149, epc_172, epc_182, epc_183, epc_184, epc_185, epc_187, epc_188, epc_189, epc_190, epc_191",9
3_20,"epc_149, epc_155, epc_182, epc_183, epc_184, epc_185, epc_186, epc_187, epc_188, epc_189, epc_190, epc_191",10
3_21,"epc_149, epc_159, epc_177, epc_182, epc_183, epc_184, epc_185, epc_188, epc_189, epc_190, epc_191",8
3_22,"epc_179, epc_183, epc_184, epc_185, epc_186, epc_188, epc_190, epc_191",7
3_24,"epc_182, epc_183, epc_184, epc_185, epc_186, epc_187, epc_188, epc_189, epc_190, epc_191",10
3_25,"epc_149, epc_155, epc_156, epc_182, epc_183, epc_184, epc_185, epc_186, epc_187, epc_188, epc_189, epc_190, epc_191",10
3_26,"epc_149, epc_158, epc_159, epc_182, epc_183, epc_184, epc_185, epc_187, epc_188, epc_189, epc_190, epc_191",9
3_27,"epc_154, epc_158, epc_159, epc_182, epc_183, epc_184, epc_185, epc_186, epc_187, epc_188, epc_189, epc_190, epc_191",10
3_28,"epc_156, epc_158, epc_182, epc_183, epc_184, epc_185, epc_187, epc_188, epc_189, epc_190, epc_191",9
3_29,"epc_149, epc_156, epc_172, epc_182, epc_183, epc_184, epc_185, epc_187, epc_188, epc_189, epc_190, epc_191",9
3_3,"epc_149, epc_156, epc_158, epc_183, epc_184, epc_185, epc_186, epc_187, epc_188, epc_189, epc_190, epc_191",9
3_30,"epc_149, epc_155, epc_159, epc_182, epc_183, epc_184, epc_185, epc_186, epc_187, epc_188, epc_189, epc_190, epc_191",10
3_31,"epc_149, epc_158, epc_182, epc_183, epc_184, epc_185, epc_187, epc_188, epc_189, epc_190, epc_191",9
3_33,"epc_154, epc_183, epc_184, epc_185, epc_187, epc_188, epc_189, epc_190, epc_191",8
3_34,"epc_182, epc_183, epc_184, epc_185, epc_187, epc_188, epc_189, epc_190, epc_191",9
3_35,"epc_182, epc_183, epc_184, epc_185, epc_186, epc_187, epc_188, epc_189, epc_190, epc_191",10
3_36,"epc_156, epc_182, epc_183, epc_184, epc_185, epc_186, epc_187, epc_188, epc_189, epc_190, epc_191",10
3_37,"epc_182, epc_183, epc_184, epc_185, epc_186, epc_187, epc_188, epc_189, epc_190, epc_191",10
3_38,"epc_182, epc_183, epc_184, epc_185, epc_187, epc_188, epc_189, epc_190, epc_191",9
3_39,"epc_183, epc_184, epc_188, epc_190, epc_191",5
3_4,"epc_149, epc_156, epc_182, epc_183, epc_184, epc_185, epc_186, epc_187, epc_188, epc_189, epc_190, epc_191",10
3_5,"epc_182, epc_183, epc_184, epc_185, epc_186, epc_187, epc_188, epc_189, epc_190, epc_191",10
3_6,"epc_149, epc_182, epc_183, epc_184, epc_185, epc_187, epc_188, epc_189, epc_190, epc_191",9
3_7,"epc_183, epc_184, epc_185, epc_188, epc_189, epc_190, epc_191",7
3_8,"epc_182, epc_183, epc_184, epc_185, epc_186, epc_187, epc_188, epc_189, epc_190, epc_191",10
4_10,"epc_80, epc_81, epc_82, epc_83, epc_84, epc_85, epc_86, epc_87, epc_88, epc_89",10
4_11,"epc_189, epc_80, epc_81, epc_82, epc_83, epc_84, epc_85, epc_86, epc_87, epc_88, epc_89",10
4_12,"epc_6, epc_80, epc_81, epc_82, epc_83, epc_84, epc_85, epc_86, epc_87, epc_88, epc_89",10
4_13,"epc_11, epc_80, epc_81, epc_82, epc_83, epc_84, epc_85, epc_86, epc_87, epc_88, epc_89",10
4_14,"epc_80, epc_81, epc_82, epc_83, epc_84, epc_85, epc_86, epc_87, epc_88, epc_89",10
4_15,"epc_80, epc_81, epc_82, epc_83, epc_84, epc_85, epc_86, epc_87, epc_88, epc_89",10
4_17,"epc_11, epc_122, epc_6, epc_80, epc_81, epc_82, epc_83, epc_84, epc_85, epc_86, epc_87, epc_88, epc_89",10
4_19,"epc_10, epc_80, epc_81, epc_82, epc_83, epc_84, epc_85, epc_86, epc_87, epc_88, epc_89",10
4_2,"epc_122, epc_6, epc_80, epc_81, epc_82, epc_83, epc_84, epc_85, epc_87, epc_88, epc_89",9
4_20,"epc_6, epc_80, epc_81, epc_82, epc_83, epc_84, epc_85, epc_86, epc_87, epc_88, epc_89",10
4_21,"epc_11, epc_5, epc_80, epc_81, epc_82, epc_83, epc_84, epc_85, epc_86, epc_87, epc_88, epc_89",10
4_22,"epc_6, epc_80, epc_81, epc_82, epc_83, epc_84, epc_85, epc_86, epc_87, epc_88, epc_89",10
4_24,"epc_6, epc_80, epc_81, epc_82, epc_83, epc_84, epc_85, epc_86, epc_87, epc_88, epc_89",10
4_25,"epc_189, epc_20, epc_6, epc_80, epc_81, epc_82, epc_83, epc_84, epc_85, epc_86, epc_87, epc_88, epc_89",10
4_26,"epc_189, epc_80, epc_81, epc_82, epc_83, epc_84, epc_85, epc_86, epc_87, epc_88, epc_89",10
4_27,"epc_17, epc_189, epc_5, epc_80, epc_81, epc_82, epc_83, epc_84, epc_85, epc_86, epc_87, epc_88, epc_89",10
4_28,"epc_34, epc_80, epc_81, epc_82, epc_83, epc_84, epc_85, epc_86, epc_87, epc_88, epc_89",10
4_29,"epc_80, epc_81, epc_82, epc_83, epc_84, epc_85, epc_86, epc_87, epc_88, epc_89",10
4_3,"epc_128, epc_80, epc_81, epc_82, epc_83, epc_84, epc_85, epc_86, epc_87, epc_88, epc_89",10
4_30,"epc_11, epc_6, epc_80, epc_81, epc_82, epc_83, epc_84, epc_85, epc_86, epc_87, epc_88, epc_89",10
4_31,"epc_189, epc_6, epc_80, epc_81, epc_82, epc_83, epc_84, epc_85, epc_86, epc_87, epc_88, epc_89",10
4_33,"epc_80, epc_81, epc_82, epc_83, epc_84, epc_85, epc_86, epc_87, epc_88, epc_89",10
4_34,"epc_12, epc_80, epc_81, epc_82, epc_83, epc_84, epc_85, epc_86, epc_87, epc_88, epc_89",10
4_35,"epc_8, epc_80, epc_81, epc_82, epc_83, epc_84, epc_85, epc_86, epc_87, epc_88, epc_89",10
4_36,"epc_80, epc_81, epc_82, epc_83, epc_84, epc_85, epc_86, epc_87, epc_88, epc_89",10
4_37,"epc_80, epc_81, epc_82, epc_83, epc_84, epc_85, epc_86, epc_87, epc_88, epc_89",10
4_38,"epc_80, epc_81, epc_82, epc_83, epc_84, epc_85, epc_86, epc_87, epc_88, epc_89",10
4_39,"epc_80, epc_81, epc_82, epc_83, epc_84, epc_85, epc_86, epc_87, epc_88, epc_89",10
4_4,"epc_80, epc_81, epc_82, epc_83, epc_84, epc_85, epc_86, epc_87, epc_88, epc_89",10
4_5,"epc_189, epc_80, epc_81, epc_82, epc_83, epc_84, epc_85, epc_86, epc_87, epc_88, epc_89",10
4_6,"epc_14, epc_15, epc_80, epc_81, epc_82, epc_83, epc_84, epc_85, epc_86, epc_87, epc_88, epc_89",10
4_7,"epc_6, epc_80, epc_81, epc_82, epc_83, epc_84, epc_85, epc_86, epc_87, epc_88, epc_89",10
4_8,"epc_80, epc_81, epc_82, epc_83, epc_84, epc_85, epc_86, epc_87, epc_88, epc_89",10
4_9,"epc_17, epc_35, epc_80, epc_81, epc_82, epc_83, epc_84, epc_85, epc_86, epc_87, epc_88, epc_89",10
5_10,"epc_0, epc_1, epc_10, epc_11, epc_12, epc_14, epc_16, epc_17, epc_18, epc_19, epc_2, epc_20, epc_21, epc_22, epc_23, epc_24, epc_25, epc_26, epc_27, epc_28, epc_3, epc_30, epc_31, epc_32, epc_33, epc_34, epc_35, epc_36, epc_37, epc_38, epc_39, epc_4, epc_5, epc_6, epc_7, epc_8, epc_9",37
5_11,"epc_0, epc_1, epc_10, epc_11, epc_12, epc_14, epc_15, epc_16, epc_17, epc_18, epc_2, epc_20, epc_21, epc_22, epc_23, epc_24, epc_25, epc_26, epc_28, epc_3, epc_30, epc_31, epc_32, epc_33, epc_34, epc_35, epc_37, epc_38, epc_39, epc_4, epc_5, epc_6, epc_7, epc_8, epc_9",35
5_12,"epc_0, epc_1, epc_10, epc_11, epc_12, epc_14, epc_15, epc_16, epc_17, epc_18, epc_19, epc_2, epc_20, epc_21, epc_22, epc_23, epc_24, epc_25, epc_26, epc_27, epc_28, epc_29, epc_3, epc_30, epc_32, epc_33, epc_35, epc_36, epc_37, epc_38, epc_39, epc_4, epc_5, epc_6, epc_7, epc_8",36
5_13,"epc_0, epc_1, epc_10, epc_11, epc_12, epc_14, epc_15, epc_16, epc_17, epc_18, epc_19, epc_2, epc_20, epc_21, epc_22, epc_23, epc_24, epc_25, epc_26, epc_27, epc_28, epc_29, epc_3, epc_30, epc_32, epc_33, epc_35, epc_36, epc_37, epc_38, epc_39, epc_4, epc_5, epc_6, epc_7, epc_8",36
5_14,"epc_0, epc_1, epc_10, epc_11, epc_12, epc_13, epc_14, epc_15, epc_16, epc_17, epc_18, epc_19, epc_2, epc_20, epc_21, epc_22, epc_23, epc_24, epc_25, epc_26, epc_27, epc_28, epc_3, epc_30, epc_31, epc_32, epc_33, epc_34, epc_35, epc_36, epc_37, epc_38, epc_39, epc_4, epc_5, epc_6, epc_7, epc_8",38
5_15,"epc_0, epc_1, epc_10, epc_12, epc_13, epc_14, epc_15, epc_16, epc_17, epc_18, epc_19, epc_2, epc_20, epc_21, epc_22, epc_23, epc_24, epc_25, epc_26, epc_27, epc_28, epc_3, epc_30, epc_32, epc_33, epc_34, epc_35, epc_36, epc_37, epc_38, epc_39, epc_4, epc_5, epc_6, epc_7, epc_8",36
5_17,"epc_0, epc_1, epc_10, epc_11, epc_12, epc_13, epc_14, epc_15, epc_16, epc_17, epc_18, epc_19, epc_2, epc_20, epc_21, epc_22, epc_23, epc_24, epc_25, epc_26, epc_27, epc_28, epc_29, epc_3, epc_30, epc_31, epc_32, epc_35, epc_36, epc_37, epc_39, epc_4, epc_5, epc_8",34
5_19,"epc_0, epc_1, epc_10, epc_11, epc_12, epc_13, epc_14, epc_15, epc_16, epc_17, epc_18, epc_19, epc_2, epc_20, epc_21, epc_22, epc_23, epc_24, epc_25, epc_26, epc_27, epc_28, epc_29, epc_3, epc_30, epc_31, epc_32, epc_33, epc_34, epc_35, epc_36, epc_37, epc_38, epc_39, epc_4, epc_6, epc_7, epc_8",38
5_2,"epc_0, epc_1, epc_10, epc_11, epc_12, epc_13, epc_14, epc_15, epc_16, epc_17, epc_18, epc_19, epc_2, epc_20, epc_21, epc_22, epc_23, epc_24, epc_25, epc_26, epc_27, epc_28, epc_29, epc_3, epc_30, epc_32, epc_33, epc_34, epc_36, epc_37, epc_38, epc_39, epc_4, epc_5, epc_6, epc_7, epc_8",37
5_20,"epc_0, epc_1, epc_10, epc_11, epc_12, epc_14, epc_15, epc_16, epc_17, epc_18, epc_19, epc_2, epc_20, epc_21, epc_22, epc_23, epc_25, epc_26, epc_27, epc_28, epc_3, epc_30, epc_31, epc_32, epc_33, epc_36, epc_37, epc_38, epc_39, epc_5, epc_7, epc_8",32
5_21,"epc_0, epc_1, epc_10, epc_12, epc_13, epc_14, epc_15, epc_16, epc_17, epc_18, epc_2, epc_20, epc_21, epc_22, epc_23, epc_24, epc_25, epc_26, epc_27, epc_29, epc_3, epc_30, epc_31, epc_32, epc_33, epc_34, epc_36, epc_37, epc_38, epc_39, epc_4, epc_5, epc_6, epc_7, epc_8",35
5_22,"epc_0, epc_1, epc_10, epc_11, epc_12, epc_13, epc_14, epc_15, epc_16, epc_17, epc_18, epc_19, epc_2, epc_20, epc_21, epc_22, epc_23, epc_24, epc_25, epc_26, epc_27, epc_28, epc_3, epc_30, epc_31, epc_32, epc_33, epc_34, epc_35, epc_36, epc_37, epc_38, epc_39, epc_4, epc_5, epc_6, epc_7, epc_8",38
5_24,"epc_0, epc_1, epc_10, epc_11, epc_12, epc_13, epc_14, epc_15, epc_16, epc_17, epc_18, epc_19, epc_2, epc_20, epc_21, epc_22, epc_23, epc_24, epc_25, epc_26, epc_28, epc_3, epc_30, epc_31, epc_32, epc_34, epc_35, epc_36, epc_37, epc_38, epc_39, epc_4, epc_5, epc_6, epc_8, epc_9",36
5_25,"epc_0, epc_1, epc_10, epc_11, epc_12, epc_13, epc_14, epc_15, epc_16, epc_17, epc_18, epc_19, epc_2, epc_20, epc_21, epc_22, epc_23, epc_24, epc_25, epc_26, epc_27, epc_28, epc_3, epc_30, epc_31, epc_32, epc_33, epc_34, epc_35, epc_36, epc_37, epc_38, epc_39, epc_4, epc_5, epc_8",36
5_26,"epc_0, epc_1, epc_10, epc_11, epc_112, epc_12, epc_14, epc_15, epc_16, epc_17, epc_18, epc_19, epc_2, epc_20, epc_21, epc_22, epc_23, epc_24, epc_25, epc_26, epc_28, epc_3, epc_30, epc_31, epc_32, epc_33, epc_34, epc_37, epc_38, epc_39, epc_4, epc_5, epc_6, epc_7, epc_8",34
5_27,"epc_0, epc_1, epc_10, epc_12, epc_13, epc_14, epc_15, epc_16, epc_17, epc_18, epc_19, epc_2, epc_20, epc_21, epc_22, epc_23, epc_24, epc_25, epc_26, epc_28, epc_29, epc_3, epc_30, epc_31, epc_32, epc_34, epc_35, epc_36, epc_37, epc_38, epc_39, epc_4, epc_5, epc_6, epc_7, epc_8, epc_9",37
5_28,"epc_0, epc_1, epc_10, epc_11, epc_12, epc_14, epc_15, epc_16, epc_17, epc_18, epc_19, epc_2, epc_20, epc_21, epc_22, epc_23, epc_24, epc_25, epc_26, epc_27, epc_28, epc_29, epc_3, epc_30, epc_31, epc_32, epc_33, epc_34, epc_35, epc_37, epc_38, epc_39, epc_4, epc_5, epc_6, epc_7, epc_8",37
5_29,"epc_0, epc_10, epc_11, epc_12, epc_15, epc_16, epc_17, epc_18, epc_19, epc_2, epc_20, epc_21, epc_23, epc_25, epc_27, epc_28, epc_3, epc_30, epc_31, epc_32, epc_33, epc_34, epc_36, epc_37, epc_38, epc_39, epc_4, epc_5, epc_6, epc_7, epc_8",31
5_3,"epc_0, epc_1, epc_10, epc_12, epc_13, epc_14, epc_15, epc_16, epc_17, epc_18, epc_19, epc_2, epc_20, epc_21, epc_22, epc_23, epc_25, epc_26, epc_27, epc_28, epc_29, epc_3, epc_30, epc_31, epc_32, epc_34, epc_35, epc_36, epc_37, epc_38, epc_39, epc_4, epc_5, epc_6, epc_7, epc_8",36
5_30,"epc_0, epc_1, epc_10, epc_11, epc_112, epc_12, epc_13, epc_14, epc_15, epc_16, epc_17, epc_18, epc_2, epc_20, epc_21, epc_22, epc_23, epc_24, epc_25, epc_26, epc_27, epc_28, epc_3, epc_30, epc_31, epc_32, epc_33, epc_34, epc_35, epc_37, epc_38, epc_39, epc_4, epc_5, epc_6, epc_7, epc_8",36
5_31,"epc_0, epc_1, epc_10, epc_11, epc_12, epc_13, epc_14, epc_15, epc_16, epc_17, epc_18, epc_2, epc_20, epc_21, epc_22, epc_23, epc_24, epc_25, epc_26, epc_27, epc_28, epc_3, epc_30, epc_32, epc_34, epc_35, epc_36, epc_37, epc_38, epc_39, epc_4, epc_5, epc_6, epc_7, epc_8, epc_84, epc_9",36
5_33,"epc_0, epc_1, epc_10, epc_11, epc_110, epc_12, epc_13, epc_14, epc_15, epc_16, epc_17, epc_18, epc_19, epc_2, epc_20, epc_21, epc_22, epc_23, epc_24, epc_25, epc_26, epc_27, epc_28, epc_3, epc_30, epc_31, epc_32, epc_33, epc_34, epc_36, epc_37, epc_38, epc_39, epc_4, epc_5, epc_6, epc_7, epc_8",37
5_34,"epc_0, epc_1, epc_10, epc_109, epc_11, epc_12, epc_13, epc_14, epc_15, epc_16, epc_17, epc_18, epc_19, epc_2, epc_20, epc_21, epc_22, epc_23, epc_24, epc_25, epc_26, epc_27, epc_28, epc_3, epc_30, epc_31, epc_32, epc_33, epc_34, epc_35, epc_36, epc_37, epc_38, epc_4, epc_5, epc_7, epc_8",36
5_35,"epc_0, epc_1, epc_10, epc_11, epc_12, epc_15, epc_16, epc_17, epc_18, epc_19, epc_2, epc_20, epc_21, epc_22, epc_23, epc_24, epc_25, epc_26, epc_27, epc_28, epc_3, epc_30, epc_31, epc_32, epc_33, epc_35, epc_36, epc_37, epc_38, epc_39, epc_4, epc_5, epc_8",33
5_36,"epc_0, epc_1, epc_10, epc_11, epc_12, epc_13, epc_14, epc_15, epc_16, epc_17, epc_18, epc_19, epc_2, epc_21, epc_22, epc_23, epc_24, epc_25, epc_26, epc_27, epc_28, epc_29, epc_3, epc_30, epc_31, epc_32, epc_33, epc_34, epc_35, epc_36, epc_37, epc_38, epc_39, epc_4, epc_5, epc_6, epc_8",37
5_37,"epc_0, epc_1, epc_10, epc_11, epc_12, epc_14, epc_15, epc_16, epc_17, epc_18, epc_19, epc_2, epc_20, epc_22, epc_23, epc_24, epc_25, epc_26, epc_27, epc_28, epc_3, epc_30, epc_31, epc_32, epc_33, epc_34, epc_36, epc_37, epc_38, epc_39, epc_4, epc_5, epc_6, epc_7, epc_8, epc_9",36
5_38,"epc_0, epc_1, epc_11, epc_12, epc_14, epc_15, epc_16, epc_17, epc_18, epc_19, epc_2, epc_20, epc_21, epc_22, epc_23, epc_25, epc_26, epc_27, epc_28, epc_3, epc_30, epc_31, epc_32, epc_36, epc_37, epc_38, epc_39, epc_4, epc_5, epc_7",30
5_39,"epc_0, epc_1, epc_10, epc_12, epc_13, epc_14, epc_16, epc_17, epc_18, epc_2, epc_20, epc_21, epc_22, epc_23, epc_25, epc_26, epc_27, epc_28, epc_3, epc_30, epc_31, epc_32, epc_35, epc_36, epc_37, epc_38, epc_39, epc_4, epc_5, epc_7, epc_8, epc_9",32
5_4,"epc_0, epc_10, epc_11, epc_12, epc_13, epc_14, epc_15, epc_16, epc_17, epc_18, epc_19, epc_2, epc_20, epc_21, epc_23, epc_24, epc_25, epc_26, epc_27, epc_3, epc_30, epc_31, epc_32, epc_34, epc_36, epc_38, epc_39, epc_4, epc_5, epc_6, epc_7",31
5_5,"epc_0, epc_1, epc_10, epc_11, epc_12, epc_13, epc_14, epc_15, epc_16, epc_17, epc_18, epc_19, epc_2, epc_20, epc_21, epc_22, epc_23, epc_24, epc_25, epc_26, epc_27, epc_28, epc_3, epc_30, epc_31, epc_32, epc_33, epc_34, epc_35, epc_36, epc_37, epc_38, epc_39, epc_4, epc_5, epc_6, epc_7, epc_8",38
5_6,"epc_0, epc_1, epc_10, epc_11, epc_12, epc_13, epc_14, epc_15, epc_16, epc_17, epc_18, epc_19, epc_2, epc_20, epc_21, epc_22, epc_23, epc_25, epc_26, epc_27, epc_28, epc_29, epc_3, epc_30, epc_31, epc_32, epc_33, epc_34, epc_35, epc_36, epc_37, epc_38, epc_39, epc_4, epc_5, epc_6, epc_7, epc_8",38
5_7,"epc_0, epc_1, epc_10, epc_11, epc_12, epc_13, epc_14, epc_15, epc_16, epc_17, epc_18, epc_19, epc_2, epc_20, epc_21, epc_22, epc_23, epc_24, epc_25, epc_26, epc_27, epc_28, epc_29, epc_3, epc_30, epc_31, epc_32, epc_34, epc_35, epc_36, epc_37, epc_38, epc_39, epc_4, epc_5, epc_6, epc_7, epc_8, epc_9",39
5_8,"epc_0, epc_1, epc_10, epc_11, epc_12, epc_13, epc_14, epc_15, epc_16, epc_17, epc_18, epc_19, epc_2, epc_20, epc_21, epc_22, epc_23, epc_25, epc_26, epc_27, epc_28, epc_29, epc_3, epc_30, epc_31, epc_32, epc_33, epc_34, epc_36, epc_37, epc_38, epc_39, epc_4, epc_5, epc_6, epc_7, epc_8",37
5_9,"epc_0, epc_1, epc_10, epc_11, epc_12, epc_13, epc_14, epc_15, epc_16, epc_17, epc_18, epc_19, epc_2, epc_20, epc_22, epc_23, epc_24, epc_25, epc_26, epc_27, epc_28, epc_29, epc_3, epc_30, epc_31, epc_32, epc_34, epc_35, epc_36, epc_37, epc_38, epc_39, epc_4, epc_5, epc_6, epc_7, epc_8, epc_9",38
6_10,"epc_106, epc_107, epc_108, epc_109, epc_110, epc_111, epc_112, epc_113, epc_114, epc_115, epc_116, epc_117, epc_118, epc_119, epc_120, epc_121, epc_122, epc_123, epc_124, epc_125, epc_126, epc_127, epc_128, epc_129",24
6_11,"epc_106, epc_107, epc_108, epc_109, epc_110, epc_111, epc_112, epc_113, epc_114, epc_115, epc_116, epc_117, epc_118, epc_119, epc_120, epc_121, epc_122, epc_123, epc_124, epc_126, epc_127, epc_128, epc_129",23
6_12,"epc_106, epc_107, epc_108, epc_109, epc_110, epc_111, epc_112, epc_113, epc_114, epc_115, epc_116, epc_117, epc_118, epc_119, epc_120, epc_121, epc_122, epc_123, epc_124, epc_125, epc_126, epc_127, epc_128, epc_129",24
6_13,"epc_10, epc_107, epc_108, epc_109, epc_110, epc_111, epc_112, epc_113, epc_115, epc_116, epc_117, epc_118, epc_119, epc_120, epc_121, epc_122, epc_123, epc_124, epc_125, epc_126, epc_127, epc_128, epc_129",22
6_14,"epc_106, epc_107, epc_108, epc_109, epc_110, epc_111, epc_112, epc_113, epc_114, epc_115, epc_116, epc_117, epc_118, epc_119, epc_120, epc_121, epc_122, epc_123, epc_124, epc_125, epc_126, epc_127, epc_128, epc_129",24
6_15,"epc_106, epc_107, epc_108, epc_109, epc_110, epc_111, epc_112, epc_113, epc_114, epc_115, epc_116, epc_117, epc_118, epc_119, epc_120, epc_121, epc_122, epc_123, epc_124, epc_125, epc_127, epc_128, epc_129",23
6_17,"epc_106, epc_107, epc_108, epc_109, epc_110, epc_111, epc_112, epc_113, epc_114, epc_115, epc_116, epc_117, epc_118, epc_119, epc_120, epc_121, epc_122, epc_123, epc_124, epc_125, epc_126, epc_127, epc_128, epc_129, epc_201, epc_63",24
6_19,"epc_106, epc_107, epc_108, epc_109, epc_110, epc_111, epc_112, epc_113, epc_114, epc_115, epc_116, epc_117, epc_118, epc_119, epc_120, epc_121, epc_122, epc_123, epc_124, epc_125, epc_126, epc_127, epc_128, epc_129",24
6_2,"epc_106, epc_107, epc_108, epc_109, epc_110, epc_111, epc_112, epc_113, epc_114, epc_115, epc_116, epc_117, epc_118, epc_119, epc_120, epc_121, epc_122, epc_123, epc_124, epc_125, epc_127, epc_128, epc_129",23
6_20,"epc_106, epc_107, epc_108, epc_109, epc_110, epc_111, epc_112, epc_113, epc_115, epc_116, epc_117, epc_118, epc_119, epc_120, epc_121, epc_122, epc_123, epc_124, epc_125, epc_126, epc_127, epc_128, epc_129",23
6_21,"epc_107, epc_108, epc_109, epc_110, epc_111, epc_112, epc_113, epc_114, epc_115, epc_116, epc_117, epc_118, epc_119, epc_121, epc_122, epc_124, epc_125, epc_126, epc_127, epc_129",20
6_22,"epc_106, epc_107, epc_108, epc_109, epc_110, epc_111, epc_112, epc_113, epc_114, epc_115, epc_116, epc_117, epc_118, epc_119, epc_120, epc_121, epc_122, epc_123, epc_124, epc_125, epc_126, epc_127, epc_128, epc_129",24
6_24,"epc_106, epc_107, epc_109, epc_110, epc_111, epc_112, epc_113, epc_114, epc_115, epc_116, epc_117, epc_118, epc_119, epc_120, epc_121, epc_122, epc_123, epc_124, epc_125, epc_127, epc_128, epc_129",22
6_25,"epc_106, epc_107, epc_108, epc_109, epc_110, epc_111, epc_112, epc_113, epc_115, epc_116, epc_117, epc_118, epc_119, epc_120, epc_121, epc_122, epc_123, epc_124, epc_125, epc_127, epc_128, epc_129, epc_201",22
6_26,"epc_107, epc_108, epc_109, epc_111, epc_112, epc_113, epc_114, epc_115, epc_116, epc_117, epc_118, epc_119, epc_120, epc_121, epc_122, epc_123, epc_124, epc_125, epc_126, epc_127, epc_128",21
6_27,"epc_106, epc_107, epc_108, epc_109, epc_110, epc_111, epc_112, epc_113, epc_114, epc_115, epc_116, epc_117, epc_118, epc_119, epc_120, epc_121, epc_122, epc_123, epc_124, epc_127, epc_128, epc_129",22
6_28,"epc_106, epc_107, epc_108, epc_109, epc_110, epc_111, epc_112, epc_113, epc_115, epc_117, epc_118, epc_119, epc_121, epc_122, epc_123, epc_124, epc_125, epc_126, epc_127, epc_128",20
6_29,"epc_106, epc_107, epc_108, epc_109, epc_110, epc_111, epc_112, epc_113, epc_115, epc_116, epc_117, epc_118, epc_119, epc_120, epc_121, epc_122, epc_123, epc_124, epc_125, epc_126, epc_127, epc_128, epc_129",23
6_3,"epc_106, epc_107, epc_108, epc_109, epc_110, epc_111, epc_112, epc_113, epc_115, epc_116, epc_117, epc_118, epc_119, epc_120, epc_121, epc_122, epc_123, epc_124, epc_125, epc_127, epc_128, epc_129",22
6_30,"epc_106, epc_107, epc_108, epc_109, epc_110, epc_111, epc_112, epc_113, epc_114, epc_115, epc_116, epc_117, epc_118, epc_119, epc_120, epc_121, epc_122, epc_123, epc_124, epc_125, epc_126, epc_127, epc_128, epc_129",24
6_31,"epc_106, epc_107, epc_108, epc_109, epc_110, epc_111, epc_112, epc_113, epc_115, epc_116, epc_117, epc_118, epc_119, epc_120, epc_121, epc_122, epc_123, epc_124, epc_125, epc_126, epc_127, epc_128, epc_129",23
6_33,"epc_106, epc_107, epc_108, epc_109, epc_110, epc_111, epc_112, epc_113, epc_114, epc_115, epc_116, epc_117, epc_118, epc_119, epc_120, epc_121, epc_122, epc_123, epc_124, epc_125, epc_127, epc_128, epc_129",23
6_34,"epc_107, epc_109, epc_110, epc_111, epc_112, epc_113, epc_115, epc_117, epc_119, epc_120, epc_121, epc_122, epc_123, epc_124, epc_125, epc_126, epc_127, epc_128, epc_129",19
6_35,"epc_106, epc_107, epc_108, epc_109, epc_110, epc_111, epc_112, epc_113, epc_114, epc_115, epc_116, epc_117, epc_118, epc_119, epc_120, epc_121, epc_122, epc_123, epc_124, epc_125, epc_126, epc_127, epc_128, epc_129",24
6_36,"epc_106, epc_107, epc_108, epc_109, epc_110, epc_111, epc_112, epc_113, epc_114, epc_115, epc_116, epc_117, epc_118, epc_119, epc_120, epc_121, epc_122, epc_123, epc_124, epc_125, epc_127, epc_128, epc_129",23
6_37,"epc_106, epc_107, epc_108, epc_109, epc_110, epc_111, epc_112, epc_113, epc_114, epc_115, epc_116, epc_117, epc_118, epc_119, epc_120, epc_121, epc_122, epc_123, epc_124, epc_125, epc_126, epc_127, epc_128, epc_129",24
6_38,"epc_106, epc_107, epc_108, epc_109, epc_110, epc_111, epc_112, epc_113, epc_114, epc_115, epc_116, epc_117, epc_118, epc_119, epc_120, epc_121, epc_122, epc_123, epc_124, epc_125, epc_126, epc_127, epc_128, epc_129",24
6_39,"epc_106, epc_107, epc_108, epc_109, epc_110, epc_111, epc_112, epc_113, epc_114, epc_115, epc_116, epc_117, epc_118, epc_119, epc_120, epc_121, epc_122, epc_123, epc_124, epc_125, epc_126, epc_127, epc_128, epc_129",24
6_4,"epc_107, epc_108, epc_109, epc_110, epc_111, epc_112, epc_113, epc_114, epc_115, epc_116, epc_117, epc_118, epc_119, epc_120, epc_121, epc_122, epc_123, epc_124, epc_125, epc_126, epc_127, epc_128, epc_129, epc_48, epc_50",23
6_5,"epc_106, epc_107, epc_108, epc_109, epc_110, epc_111, epc_112, epc_113, epc_114, epc_115, epc_116, epc_117, epc_118, epc_119, epc_120, epc_121, epc_122, epc_123, epc_124, epc_125, epc_126, epc_127, epc_128, epc_129",24
6_6,"epc_106, epc_107, epc_108, epc_109, epc_110, epc_111, epc_112, epc_113, epc_114, epc_115, epc_116, epc_117, epc_118, epc_119, epc_120, epc_121, epc_122, epc_123, epc_124, epc_125, epc_126, epc_127, epc_128, epc_129",24
6_7,"epc_106, epc_107, epc_108, epc_109, epc_110, epc_111, epc_112, epc_113, epc_114, epc_115, epc_116, epc_117, epc_118, epc_119, epc_120, epc_121, epc_122, epc_123, epc_124, epc_125, epc_126, epc_127, epc_128, epc_129",24
6_8,"epc_106, epc_107, epc_108, epc_109, epc_110, epc_111, epc_112, epc_113, epc_114, epc_115, epc_116, epc_117, epc_118, epc_119, epc_120, epc_121, epc_122, epc_123, epc_125, epc_127, epc_128, epc_129",22
6_9,"epc_106, epc_107, epc_108, epc_109, epc_110, epc_111, epc_112, epc_113, epc_114, epc_115, epc_116, epc_117, epc_118, epc_119, epc_120, epc_121, epc_122, epc_123, epc_124, epc_125, epc_126, epc_127, epc_128, epc_129",24
7_10,"epc_192, epc_193, epc_194, epc_195, epc_196, epc_197, epc_198, epc_199, epc_200, epc_201, epc_63",10
7_11,"epc_192, epc_193, epc_194, epc_195, epc_196, epc_197, epc_198, epc_199, epc_200, epc_201, epc_51, epc_53, epc_63",10
7_12,"epc_115, epc_129, epc_192, epc_193, epc_194, epc_195, epc_196, epc_197, epc_198, epc_199, epc_200, epc_201, epc_47, epc_63",10
7_13,"epc_192, epc_193, epc_194, epc_195, epc_196, epc_197, epc_198, epc_199, epc_200, epc_201, epc_44, epc_57",10
7_14,"epc_192, epc_193, epc_194, epc_195, epc_196, epc_197, epc_198, epc_199, epc_200, epc_201, epc_70",10
7_15,"epc_116, epc_129, epc_192, epc_193, epc_194, epc_195, epc_196, epc_197, epc_198, epc_199, epc_200, epc_201, epc_55",10
7_17,"epc_192, epc_193, epc_194, epc_195, epc_197, epc_198, epc_199, epc_200, epc_201, epc_48, epc_57",9
7_19,"epc_192, epc_193, epc_195, epc_197, epc_198, epc_199, epc_200, epc_201, epc_63",8
7_2,"epc_192, epc_193, epc_195, epc_196, epc_197, epc_198, epc_199, epc_200, epc_201, epc_64",9
7_20,"epc_192, epc_193, epc_194, epc_195, epc_196, epc_197, epc_198, epc_199, epc_200, epc_201, epc_47, epc_57",10
7_21,"epc_116, epc_192, epc_193, epc_194, epc_195, epc_196, epc_197, epc_198, epc_199, epc_200, epc_201, epc_57, epc_70, epc_76",10
7_22,"epc_192, epc_193, epc_194, epc_195, epc_196, epc_197, epc_198, epc_199, epc_200, epc_201, epc_47, epc_57, epc_68",10
7_24,"epc_192, epc_193, epc_194, epc_195, epc_196, epc_198, epc_199, epc_200, epc_201, epc_44",9
7_25,"epc_192, epc_193, epc_194, epc_195, epc_196, epc_197, epc_198, epc_199, epc_200, epc_201, epc_47, epc_57",10
7_26,"epc_192, epc_193, epc_194, epc_195, epc_196, epc_197, epc_198, epc_199, epc_200, epc_201, epc_76",10
7_27,"epc_192, epc_193, epc_194, epc_195, epc_196, epc_197, epc_198, epc_199, epc_200, epc_201",10
7_28,"epc_192, epc_193, epc_194, epc_195, epc_196, epc_197, epc_198, epc_199, epc_201, epc_51, epc_55, epc_57, epc_70",9
7_29,"epc_192, epc_193, epc_194, epc_195, epc_196, epc_197, epc_198, epc_199, epc_200, epc_201, epc_50, epc_54, epc_63",10
7_3,"epc_192, epc_193, epc_194, epc_195, epc_196, epc_197, epc_198, epc_199, epc_201, epc_57, epc_58, epc_63",9
7_30,"epc_192, epc_193, epc_194, epc_195, epc_196, epc_197, epc_198, epc_199, epc_200, epc_201, epc_44, epc_51, epc_57",10
7_31,"epc_192, epc_193, epc_194, epc_195, epc_196, epc_197, epc_198, epc_199, epc_200, epc_201, epc_70",10
7_33,"epc_192, epc_193, epc_194, epc_195, epc_196, epc_197, epc_198, epc_199, epc_200, epc_201, epc_47, epc_53",10
7_34,"epc_116, epc_192, epc_193, epc_194, epc_195, epc_196, epc_197, epc_198, epc_199, epc_200, epc_201",10
7_35,"epc_192, epc_193, epc_194, epc_195, epc_196, epc_197, epc_198, epc_199, epc_200, epc_201, epc_63, epc_77",10
7_36,"epc_192, epc_193, epc_194, epc_195, epc_196, epc_197, epc_198, epc_199, epc_200, epc_201",10
7_37,"epc_192, epc_193, epc_194, epc_195, epc_196, epc_197, epc_198, epc_199, epc_200, epc_201, epc_55",10
7_38,"epc_192, epc_193, epc_194, epc_195, epc_196, epc_197, epc_198, epc_199, epc_200, epc_201",10
7_39,"epc_115, epc_192, epc_193, epc_194, epc_195, epc_196, epc_197, epc_198, epc_199, epc_200, epc_201, epc_44, epc_47, epc_57, epc_70",10
7_4,"epc_192, epc_193, epc_194, epc_195, epc_196, epc_197, epc_198, epc_199, epc_200, epc_201",10
7_5,"epc_192, epc_193, epc_194, epc_195, epc_196, epc_197, epc_198, epc_199, epc_200, epc_201",10
7_6,"epc_192, epc_193, epc_194, epc_195, epc_196, epc_197, epc_198, epc_199, epc_200, epc_201, epc_44",10
7_7,"epc_192, epc_193, epc_194, epc_195, epc_196, epc_197, epc_198, epc_199, epc_200, epc_201",10
7_8,"epc_192, epc_193, epc_194, epc_195, epc_196, epc_197, epc_198, epc_199, epc_200, epc_201",10
7_9,"epc_192, epc_193, epc_194, epc_195, epc_197, epc_198, epc_199, epc_200, epc_201",9
8_10,"epc_40, epc_41, epc_42, epc_43, epc_44, epc_45, epc_46, epc_47, epc_49, epc_50, epc_51, epc_52, epc_53, epc_54, epc_55, epc_56, epc_57, epc_58, epc_59, epc_61, epc_62, epc_63, epc_64, epc_65, epc_66, epc_67, epc_68, epc_69, epc_70, epc_71, epc_72, epc_73, epc_74, epc_75, epc_76, epc_77, epc_78, epc_79",38
8_11,"epc_201, epc_41, epc_42, epc_43, epc_44, epc_45, epc_46, epc_48, epc_49, epc_50, epc_51, epc_52, epc_53, epc_57, epc_60, epc_61, epc_64, epc_68, epc_69, epc_70, epc_72, epc_73, epc_74, epc_75, epc_76, epc_77, epc_78",26
8_12,"epc_40, epc_41, epc_42, epc_43, epc_44, epc_45, epc_46, epc_47, epc_48, epc_49, epc_50, epc_51, epc_52, epc_53, epc_55, epc_56, epc_57, epc_58, epc_59, epc_61, epc_62, epc_63, epc_64, epc_65, epc_66, epc_67, epc_68, epc_69, epc_70, epc_71, epc_72, epc_73, epc_74, epc_75, epc_76, epc_77, epc_78, epc_79",38
8_13,"epc_201, epc_40, epc_41, epc_42, epc_43, epc_44, epc_45, epc_46, epc_47, epc_48, epc_49, epc_50, epc_51, epc_52, epc_53, epc_54, epc_56, epc_57, epc_58, epc_59, epc_61, epc_62, epc_64, epc_65, epc_66, epc_67, epc_68, epc_69, epc_71, epc_72, epc_73, epc_74, epc_75, epc_76, epc_77, epc_78, epc_79, epc_99",36
8_14,"epc_201, epc_40, epc_41, epc_42, epc_43, epc_44, epc_45, epc_46, epc_48, epc_49, epc_50, epc_51, epc_53, epc_54, epc_55, epc_56, epc_57, epc_58, epc_59, epc_60, epc_61, epc_62, epc_64, epc_66, epc_67, epc_68, epc_69, epc_71, epc_72, epc_73, epc_74, epc_75, epc_76, epc_78, epc_79",34
8_15,"epc_40, epc_41, epc_42, epc_43, epc_44, epc_45, epc_46, epc_47, epc_48, epc_49, epc_50, epc_51, epc_52, epc_53, epc_54, epc_55, epc_56, epc_57, epc_58, epc_59, epc_60, epc_61, epc_62, epc_63, epc_64, epc_65, epc_66, epc_67, epc_68, epc_69, epc_70, epc_71, epc_72, epc_73, epc_74, epc_75, epc_76, epc_77, epc_78, epc_79",40
8_17,"epc_201, epc_41, epc_42, epc_43, epc_44, epc_45, epc_46, epc_47, epc_48, epc_49, epc_50, epc_51, epc_52, epc_53, epc_54, epc_55, epc_56, epc_58, epc_59, epc_60, epc_61, epc_62, epc_63, epc_64, epc_65, epc_66, epc_67, epc_68, epc_69, epc_70, epc_71, epc_72, epc_73, epc_74, epc_75, epc_76, epc_77, epc_78, epc_79",38
8_19,"epc_201, epc_40, epc_41, epc_42, epc_43, epc_44, epc_45, epc_46, epc_47, epc_48, epc_49, epc_50, epc_51, epc_52, epc_53, epc_54, epc_55, epc_56, epc_57, epc_58, epc_59, epc_60, epc_61, epc_62, epc_63, epc_64, epc_65, epc_66, epc_67, epc_68, epc_69, epc_70, epc_71, epc_72, epc_73, epc_74, epc_75, epc_76, epc_78, epc_79",39
8_2,"epc_41, epc_42, epc_43, epc_44, epc_45, epc_46, epc_47, epc_48, epc_49, epc_50, epc_51, epc_52, epc_53, epc_55, epc_56, epc_59, epc_61, epc_62, epc_63, epc_64, epc_65, epc_66, epc_67, epc_68, epc_69, epc_70, epc_72, epc_74, epc_75, epc_77, epc_78, epc_79",32
8_20,"epc_40, epc_41, epc_42, epc_43, epc_44, epc_45, epc_46, epc_47, epc_48, epc_49, epc_50, epc_51, epc_52, epc_53, epc_54, epc_55, epc_56, epc_57, epc_58, epc_59, epc_60, epc_61, epc_62, epc_63, epc_64, epc_65, epc_66, epc_67, epc_68, epc_69, epc_70, epc_71, epc_72, epc_73, epc_74, epc_75, epc_76, epc_77, epc_78, epc_79",40
8_21,"epc_201, epc_40, epc_41, epc_42, epc_43, epc_44, epc_45, epc_46, epc_47, epc_48, epc_49, epc_50, epc_51, epc_52, epc_53, epc_54, epc_55, epc_56, epc_57, epc_58, epc_59, epc_61, epc_63, epc_64, epc_65, epc_66, epc_67, epc_68, epc_69, epc_70, epc_71, epc_72, epc_73, epc_74, epc_75, epc_76, epc_77, epc_78, epc_79",38
8_22,"epc_201, epc_40, epc_41, epc_42, epc_43, epc_44, epc_45, epc_46, epc_48, epc_49, epc_50, epc_51, epc_52, epc_54, epc_56, epc_57, epc_58, epc_59, epc_60, epc_61, epc_63, epc_64, epc_65, epc_66, epc_67, epc_68, epc_69, epc_70, epc_72, epc_73, epc_74, epc_75, epc_76, epc_77, epc_78, epc_79",35
8_24,"epc_201, epc_40, epc_41, epc_42, epc_43, epc_44, epc_45, epc_46, epc_47, epc_48, epc_49, epc_50, epc_51, epc_52, epc_53, epc_54, epc_55, epc_56, epc_57, epc_58, epc_59, epc_60, epc_61, epc_62, epc_63, epc_64, epc_65, epc_66, epc_67, epc_68, epc_69, epc_70, epc_71, epc_72, epc_73, epc_74, epc_75, epc_76, epc_77, epc_78, epc_79",40
8_25,"epc_40, epc_42, epc_43, epc_45, epc_47, epc_49, epc_50, epc_51, epc_52, epc_53, epc_57, epc_58, epc_60, epc_61, epc_64, epc_67, epc_68, epc_69, epc_70, epc_71, epc_72, epc_73, epc_74, epc_75, epc_76, epc_77, epc_78, epc_79",28
8_26,"epc_40, epc_41, epc_42, epc_43, epc_45, epc_46, epc_48, epc_49, epc_50, epc_51, epc_52, epc_53, epc_54, epc_55, epc_56, epc_57, epc_58, epc_59, epc_60, epc_61, epc_62, epc_63, epc_64, epc_65, epc_66, epc_67, epc_68, epc_69, epc_70, epc_72, epc_73, epc_74, epc_75, epc_76, epc_77, epc_78, epc_79",37
8_27,"epc_41, epc_42, epc_43, epc_44, epc_45, epc_46, epc_48, epc_49, epc_50, epc_51, epc_52, epc_53, epc_54, epc_55, epc_56, epc_58, epc_59, epc_61, epc_62, epc_64, epc_66, epc_67, epc_68, epc_69, epc_70, epc_72, epc_74, epc_75, epc_76, epc_78, epc_79",31
8_28,"epc_40, epc_41, epc_42, epc_43, epc_44, epc_45, epc_46, epc_47, epc_48, epc_49, epc_50, epc_51, epc_52, epc_53, epc_54, epc_55, epc_56, epc_57, epc_58, epc_59, epc_60, epc_61, epc_62, epc_63, epc_64, epc_65, epc_66, epc_67, epc_68, epc_69, epc_70, epc_71, epc_72, epc_73, epc_74, epc_75, epc_76, epc_77, epc_78, epc_79",40
8_29,"epc_40, epc_41, epc_42, epc_43, epc_44, epc_45, epc_48, epc_49, epc_50, epc_51, epc_52, epc_53, epc_55, epc_56, epc_57, epc_58, epc_59, epc_60, epc_61, epc_62, epc_63, epc_64, epc_65, epc_66, epc_68, epc_69, epc_70, epc_71, epc_72, epc_73, epc_74, epc_75, epc_76, epc_77, epc_78, epc_79",36
8_3,"epc_40, epc_41, epc_42, epc_43, epc_44, epc_45, epc_46, epc_47, epc_48, epc_49, epc_50, epc_51, epc_52, epc_53, epc_54, epc_56, epc_57, epc_58, epc_59, epc_61, epc_62, epc_63, epc_64, epc_65, epc_66, epc_67, epc_68, epc_69, epc_70, epc_71, epc_72, epc_73, epc_74, epc_75, epc_76, epc_77, epc_78, epc_79",38
8_30,"epc_40, epc_41, epc_42, epc_43, epc_44, epc_45, epc_46, epc_47, epc_48, epc_49, epc_50, epc_51, epc_52, epc_53, epc_54, epc_55, epc_56, epc_57, epc_58, epc_59, epc_61, epc_62, epc_63, epc_64, epc_65, epc_66, epc_67, epc_68, epc_69, epc_70, epc_71, epc_72, epc_73, epc_74, epc_75, epc_76, epc_77, epc_78, epc_79",39
8_31,"epc_40, epc_41, epc_42, epc_43, epc_44, epc_45, epc_47, epc_48, epc_49, epc_50, epc_51, epc_52, epc_54, epc_55, epc_56, epc_57, epc_58, epc_59, epc_60, epc_61, epc_62, epc_64, epc_65, epc_66, epc_67, epc_68, epc_69, epc_70, epc_71, epc_72, epc_73, epc_74, epc_75, epc_76, epc_77, epc_78, epc_79",37
8_33,"epc_41, epc_42, epc_43, epc_44, epc_45, epc_46, epc_47, epc_48, epc_49, epc_50, epc_52, epc_53, epc_54, epc_56, epc_57, epc_58, epc_61, epc_62, epc_64, epc_65, epc_67, epc_68, epc_69, epc_70, epc_71, epc_72, epc_74, epc_75, epc_76, epc_77, epc_78, epc_79",32
8_34,"epc_40, epc_41, epc_42, epc_43, epc_44, epc_45, epc_46, epc_47, epc_48, epc_49, epc_50, epc_51, epc_52, epc_54, epc_55, epc_56, epc_58, epc_59, epc_60, epc_61, epc_62, epc_63, epc_64, epc_66, epc_67, epc_68, epc_69, epc_70, epc_72, epc_73, epc_74, epc_75, epc_76, epc_77, epc_78, epc_79",36
8_35,"epc_42, epc_43, epc_49, epc_50, epc_51, epc_52, epc_59, epc_67, epc_68, epc_70, epc_76",11
8_36,"epc_40, epc_41, epc_42, epc_43, epc_44, epc_45, epc_46, epc_47, epc_48, epc_49, epc_50, epc_51, epc_52, epc_53, epc_54, epc_55, epc_56, epc_57, epc_58, epc_59, epc_60, epc_61, epc_62, epc_63, epc_64, epc_65, epc_66, epc_67, epc_68, epc_69, epc_70, epc_71, epc_72, epc_73, epc_74, epc_75, epc_76, epc_77, epc_78, epc_79",40
8_37,"epc_40, epc_41, epc_42, epc_43, epc_44, epc_45, epc_46, epc_47, epc_48, epc_49, epc_50, epc_51, epc_52, epc_53, epc_54, epc_55, epc_56, epc_57, epc_58, epc_59, epc_60, epc_61, epc_62, epc_63, epc_64, epc_65, epc_66, epc_67, epc_68, epc_69, epc_70, epc_71, epc_72, epc_73, epc_74, epc_75, epc_76, epc_77, epc_78, epc_79",40
8_38,"epc_40, epc_41, epc_42, epc_43, epc_44, epc_45, epc_46, epc_47, epc_48, epc_49, epc_50, epc_51, epc_52, epc_53, epc_54, epc_55, epc_56, epc_57, epc_58, epc_59, epc_61, epc_63, epc_64, epc_65, epc_66, epc_67, epc_68, epc_69, epc_70, epc_71, epc_72, epc_73, epc_74, epc_75, epc_76, epc_77, epc_78, epc_79",38
8_39,"epc_40, epc_41, epc_42, epc_43, epc_44, epc_45, epc_46, epc_47, epc_48, epc_49, epc_50, epc_52, epc_53, epc_54, epc_55, epc_56, epc_57, epc_58, epc_59, epc_60, epc_61, epc_62, epc_63, epc_64, epc_66, epc_67, epc_68, epc_69, epc_70, epc_71, epc_72, epc_74, epc_75, epc_76, epc_77, epc_78, epc_79",37
8_4,"epc_40, epc_41, epc_42, epc_43, epc_44, epc_45, epc_46, epc_47, epc_48, epc_49, epc_50, epc_53, epc_54, epc_55, epc_56, epc_57, epc_58, epc_61, epc_64, epc_66, epc_69, epc_70, epc_71, epc_72, epc_74, epc_75, epc_76, epc_77, epc_78, epc_79",30
8_5,"epc_40, epc_41, epc_42, epc_43, epc_44, epc_45, epc_46, epc_47, epc_48, epc_49, epc_50, epc_51, epc_52, epc_53, epc_54, epc_55, epc_56, epc_57, epc_58, epc_59, epc_60, epc_61, epc_64, epc_65, epc_66, epc_67, epc_68, epc_69, epc_70, epc_71, epc_72, epc_73, epc_74, epc_75, epc_76, epc_77, epc_78, epc_79",38
8_6,"epc_41, epc_42, epc_43, epc_44, epc_45, epc_46, epc_47, epc_48, epc_49, epc_50, epc_51, epc_52, epc_53, epc_55, epc_56, epc_57, epc_58, epc_59, epc_61, epc_63, epc_64, epc_65, epc_66, epc_67, epc_68, epc_69, epc_70, epc_71, epc_72, epc_73, epc_74, epc_75, epc_76, epc_77, epc_78, epc_79",36
8_7,"epc_40, epc_41, epc_42, epc_43, epc_44, epc_45, epc_47, epc_48, epc_49, epc_50, epc_51, epc_52, epc_53, epc_54, epc_55, epc_56, epc_57, epc_59, epc_60, epc_61, epc_62, epc_64, epc_65, epc_66, epc_67, epc_68, epc_69, epc_70, epc_71, epc_72, epc_73, epc_74, epc_75, epc_76, epc_77, epc_78, epc_79",37
8_8,"epc_40, epc_41, epc_42, epc_43, epc_44, epc_45, epc_46, epc_47, epc_48, epc_49, epc_50, epc_51, epc_52, epc_53, epc_54, epc_55, epc_56, epc_57, epc_58, epc_59, epc_60, epc_61, epc_62, epc_63, epc_64, epc_65, epc_66, epc_67, epc_68, epc_69, epc_70, epc_71, epc_72, epc_73, epc_74, epc_75, epc_76, epc_77, epc_78, epc_79",40
8_9,"epc_40, epc_41, epc_42, epc_43, epc_44, epc_45, epc_46, epc_48, epc_49, epc_50, epc_51, epc_52, epc_53, epc_54, epc_55, epc_56, epc_58, epc_59, epc_61, epc_64, epc_65, epc_66, epc_67, epc_68, epc_69, epc_70, epc_71, epc_72, epc_73, epc_74, epc_75, epc_76, epc_78, epc_79",34
9_10,"epc_130, epc_131, epc_132, epc_133, epc_134, epc_135, epc_136, epc_137, epc_48, epc_51",8
9_11,"epc_130, epc_131, epc_132, epc_133, epc_134, epc_135, epc_136, epc_137, epc_44, epc_55, epc_70, epc_77",8
9_12,"epc_130, epc_131, epc_132, epc_133, epc_134, epc_135, epc_136, epc_137",8
9_13,"epc_130, epc_131, epc_132, epc_133, epc_134, epc_135, epc_136, epc_137, epc_68",8
9_14,"epc_130, epc_131, epc_132, epc_133, epc_134, epc_135, epc_136, epc_137",8
9_15,"epc_130, epc_131, epc_132, epc_133, epc_134, epc_135, epc_136, epc_137",8
9_17,"epc_130, epc_131, epc_132, epc_133, epc_134, epc_135, epc_136, epc_137",8
9_19,"epc_130, epc_131, epc_132, epc_133, epc_134, epc_135, epc_136, epc_137, epc_85",8
9_2,"epc_130, epc_131, epc_132, epc_133, epc_134, epc_135, epc_136, epc_137",8
9_20,"epc_130, epc_131, epc_132, epc_133, epc_134, epc_135, epc_136, epc_137",8
9_21,"epc_130, epc_131, epc_132, epc_133, epc_134, epc_135, epc_136, epc_137",8
9_22,"epc_130, epc_131, epc_132, epc_133, epc_134, epc_135, epc_136, epc_137, epc_85",8
9_24,"epc_130, epc_131, epc_132, epc_133, epc_134, epc_135, epc_136, epc_137",8
9_25,"epc_130, epc_131, epc_132, epc_133, epc_134, epc_135, epc_136, epc_137, epc_51",8
9_26,"epc_130, epc_131, epc_132, epc_133, epc_134, epc_135, epc_136, epc_137, epc_139, epc_51",8
9_27,"epc_130, epc_131, epc_132, epc_133, epc_134, epc_135, epc_136, epc_137",8
9_28,"epc_130, epc_131, epc_132, epc_133, epc_134, epc_135, epc_137, epc_81",7
9_29,"epc_130, epc_131, epc_132, epc_133, epc_134, epc_135, epc_136, epc_137",8
9_3,"epc_130, epc_131, epc_132, epc_133, epc_134, epc_135, epc_136, epc_137, epc_55",8
9_30,"epc_130, epc_131, epc_132, epc_133, epc_134, epc_135, epc_136, epc_137",8
9_31,"epc_130, epc_131, epc_132, epc_133, epc_134, epc_135, epc_136, epc_137",8
9_33,"epc_130, epc_131, epc_132, epc_133, epc_134, epc_135, epc_136, epc_137",8
9_34,"epc_130, epc_131, epc_132, epc_133, epc_134, epc_135, epc_136, epc_137",8
9_35,"epc_130, epc_131, epc_132, epc_133, epc_134, epc_135, epc_136, epc_137",8
9_36,"epc_130, epc_131, epc_132, epc_133, epc_134, epc_135, epc_136, epc_137, epc_68, epc_70",8
9_37,"epc_130, epc_131, epc_132, epc_133, epc_134, epc_135, epc_137",7
9_38,"epc_130, epc_131, epc_132, epc_133, epc_134, epc_135, epc_136, epc_137",8
9_39,"epc_130, epc_131, epc_132, epc_133, epc_134, epc_135, epc_136, epc_137",8
9_4,"epc_130, epc_131, epc_132, epc_133, epc_134, epc_135, epc_136, epc_137, epc_59",8
9_5,"epc_130, epc_131, epc_132, epc_133, epc_134, epc_135, epc_136, epc_137",8
9_6,"epc_130, epc_131, epc_132, epc_133, epc_134, epc_135, epc_137",7
9_7,"epc_130, epc_131, epc_132, epc_133, epc_134, epc_135, epc_136, epc_137",8
9_8,"epc_130, epc_131, epc_132, epc_133, epc_134, epc_135, epc_137, epc_55, epc_65",7
9_9,"epc_130, epc_131, epc_132, epc_133, epc_134, epc_135, epc_136, epc_137, epc_55",8
